{
  "optimizer": "newton_muon",
  "matrix_lr": 0.04,
  "weight_decay": 0.8,
  "num_epochs": 16,
  "val_loss": 3.365828664679276,
  "best_val_loss": 3.3477522197522616,
  "wandb_url": null
}