{
  "optimizer": "muon",
  "matrix_lr": 0.04,
  "weight_decay": 0.8,
  "num_epochs": 16,
  "val_loss": 3.3715137682462992,
  "best_val_loss": 3.347561886436061,
  "wandb_url": null
}